{
    ,
    "SST": [34.725790, -86.641162],
    "UFC": [34.726598, -86.636719],
    "WIL": [34.729230, -86.641442],
    "BAB": [34.728245, -86.641435],
    "BEV": [34.731218, -86.64289602],
    "CCH": [34.730006, -86.641792],
    "CTC": [34.7308, -86.641401],
    "CU": [34.72713, -86.640046],
    "CVA": [34.724393, -86.638828],
    "CVO": [34.724692, -86.638797],
    "ENG": [34.722606, -86.640502],
    "FF":[34.733272, -86.640775],
    "MOR":[34.733193, -86.641912],
    "MSB": [34.721949, -86.638094]
}